name,age,owns_house?,is_employed?,is_married?,has_existing_loan?
Zovfif,56,1,0,0,1
Goxlifpif,46,1,0,1,1
Gobrorgav,32,1,0,0,0
Qerlok,60,0,0,0,1
Vermenkas,25,1,0,1,0
Beftissoj,38,0,0,0,1
Puproxxog,56,0,0,1,1
Habseubap,36,0,0,1,0
Waymibsik,40,0,1,1,1
Feflir,28,0,1,1,0
Xexqirceu,28,1,0,1,1
Geudutteg,41,1,1,1,1
Kezhux,53,1,1,1,0
Maxyab,57,1,1,1,1
Ralnik,41,1,1,1,0
Cipzexvog,20,0,0,1,1
Zahnod,39,1,1,1,0
Seynomfex,19,1,0,0,0
Fibkewfew,41,0,1,0,1
Vaqqoz,61,1,1,1,1
Vusrugpul,47,0,1,1,0
Towbew,55,1,0,1,1
Bidrekhan,19,0,1,1,1
Wafkutsuy,38,1,0,1,1
Jegxixtus,50,1,1,1,0
